<?xml version="1.0" encoding="UTF-8"?>
<beans xmlns="http://www.springframework.org/schema/beans"
	xmlns:xsi="http://www.w3.org/2001/XMLSchema-instance"
	xsi:schemaLocation="http://www.springframework.org/schema/beans http://www.springframework.org/schema/beans/spring-beans.xsd">

<bean id="course1" class="org.hcl.Course">
       <property name="name" value="Java"/>
       <property name="mentor" value="Sathish"/>
       <property name="fee" value="1000"/>   
   </bean>
   <bean id="course2" class="org.hcl.Course">
       <property name="name" value="Selinium"/>
       <property name="mentor" value="Kanimozhi"/>
       <property name="fee" value="2000"/>   
   </bean>
   <bean id="course3" class="org.hcl.Course">
       <property name="name" value="Python"/>
       <property name="mentor" value="Arun"/>
       <property name="fee" value="2500"/>   
   </bean>
   <bean id="courseList" class="org.hcl.CourseList">
   <property name="courseList">
      <list>
           <ref bean="course1"/>
           <ref bean="course2"/>
           <ref bean="course3"/>
      </list>
      </property>
   </bean>
</beans>
