<?xml version="1.0"?>
<!DOCTYPE hibernate-mapping PUBLIC "-//Hibernate/Hibernate Mapping DTD 3.0//EN"
"http://hibernate.sourceforge.net/hibernate-mapping-3.0.dtd">
<!-- Generated 19 Oct, 2020 12:55:07 PM by Hibernate Tools 3.5.0.Final -->
<hibernate-mapping>
    <class name="org.hcl.entities.Emp" table="EMP">
        <id name="eno" type="int">
            <column name="ENO" />
            <generator class="assigned" />
        </id>
        <property name="name" type="java.lang.String">
            <column name="NAME" />
        </property>
        <property name="address" type="java.lang.String">
            <column name="ADDRESS" />
        </property>
    </class>
</hibernate-mapping>
