<?xml version="1.0"?>
<!DOCTYPE hibernate-mapping PUBLIC "-//Hibernate/Hibernate Mapping DTD 3.0//EN"
"http://hibernate.sourceforge.net/hibernate-mapping-3.0.dtd">
<!-- Generated 19 Oct, 2020 2:57:51 PM by Hibernate Tools 3.5.0.Final -->
<hibernate-mapping>
    <class name="org.hcl.entities.Student" table="STUDENT">
        <id name="id" column="sno" type="int">
            <generator class="assigned" />
        </id>
        <property name="name" type="java.lang.String">
        </property>
        <property name="address" type="java.lang.String">
        </property>
        <property name="course" type="java.lang.String">
        </property>
    </class>
</hibernate-mapping>
